Produkt,Preis_Euro,Marke,Bild_URL,Produkt_URL,Bewertung,Anzahl_Bewertungen
Kuscheltier Axolotl,3.99,soma,"['https://i.otto.de/i/otto/678bddff-8d84-5909-bfa1-af2630ed496a/soma-kuscheltier-axolotl-kuscheltier-echse-molch-figur-plusch-18-cm-pusch-blau-1-st-axolotl-pluschtier-molch-kuscheltier-figur-pluschtier-wassertier.jpg?$formatz$', 'https://i.otto.de/i/otto/bcc3aa45-6654-5aa5-b897-0704ce8736e6/soma-kuscheltier-axolotl-kuscheltier-echse-molch-figur-plusch-18-cm-pusch-blau-1-st-axolotl-pluschtier-molch-kuscheltier-figur-pluschtier-wassertier.jpg?$formatz$', 'https://i.otto.de/i/otto/35cb0e1f-e40b-5afa-96d3-1fb76754c38c/soma-kuscheltier-axolotl-kuscheltier-echse-molch-figur-plusch-18-cm-pusch-blau-1-st-axolotl-pluschtier-molch-kuscheltier-figur-pluschtier-wassertier.jpg?$formatz$', 'https://i.otto.de/i/otto/3cc82d8d-7d1c-549d-a1fc-6e19ab9289a5/soma-kuscheltier-axolotl-kuscheltier-echse-molch-figur-plusch-18-cm-pusch-blau-1-st-axolotl-pluschtier-molch-kuscheltier-figur-pluschtier-wassertier.jpg?$formatz$', 'https://i.otto.de/i/otto/1e7273eb-9ffa-5d69-aed4-b0c24794a970/soma-kuscheltier-axolotl-kuscheltier-echse-molch-figur-plusch-18-cm-pusch-blau-1-st-axolotl-pluschtier-molch-kuscheltier-figur-pluschtier-wassertier.jpg?$formatz$', 'https://i.otto.de/i/otto/ea1a4f1b-4e9f-5588-aab2-93de768e8d47/soma-kuscheltier-axolotl-kuscheltier-echse-molch-figur-plusch-18-cm-pusch-blau-1-st-axolotl-pluschtier-molch-kuscheltier-figur-pluschtier-wassertier.jpg?$formatz$', 'https://i.otto.de/i/otto/404008f6-60f3-583d-903a-d1e9c3434fc6/soma-kuscheltier-axolotl-kuscheltier-echse-molch-figur-plusch-18-cm-pusch-blau-1-st-axolotl-pluschtier-molch-kuscheltier-figur-pluschtier-wassertier.jpg?$formatz$', 'https://i.otto.de/i/otto/1add7d88-83db-5531-8c44-8d6a0978871f/soma-kuscheltier-axolotl-kuscheltier-echse-molch-figur-plusch-18-cm-pusch-blau-1-st-axolotl-pluschtier-molch-kuscheltier-figur-pluschtier-wassertier.jpg?$formatz$', 'https://i.otto.de/i/otto/d6e31108-ea43-5efa-836b-6c130dfd1563/soma-kuscheltier-axolotl-kuscheltier-echse-molch-figur-plusch-18-cm-pusch-blau-1-st-axolotl-pluschtier-molch-kuscheltier-figur-pluschtier-wassertier.jpg?$formatz$', 'https://i.otto.de/i/otto/71891e84-c85b-522c-a128-f4eaf2410120/soma-kuscheltier-axolotl-kuscheltier-echse-molch-figur-plusch-18-cm-pusch-blau-1-st-axolotl-pluschtier-molch-kuscheltier-figur-pluschtier-wassertier.jpg?$formatz$', 'https://i.otto.de/i/otto/50832d1e-2ff7-53b1-b997-e539eeb76161/soma-kuscheltier-axolotl-kuscheltier-echse-molch-figur-plusch-18-cm-pusch-blau-1-st-axolotl-pluschtier-molch-kuscheltier-figur-pluschtier-wassertier.jpg?$formatz$', 'https://i.otto.de/i/otto/14c32242-49c0-5999-8e82-2a8517c6822c/soma-kuscheltier-axolotl-kuscheltier-echse-molch-figur-plusch-18-cm-pusch-blau-1-st-axolotl-pluschtier-molch-kuscheltier-figur-pluschtier-wassertier.jpg?$formatz$']",,0.0,0
Tierfigur Stegosaurus 5m,6379.0,Xlmoebel,['https://i.otto.de/i/otto/b5c948e5-d65a-448b-8b92-f94d6a0483e2/xlmoebel-tierfigur-stegosaurus-5m-skulptur-dekorative-figur-fur-ausstellungen-1-st-5m-made-in-europa.jpg?$formatz$'],,0.0,0
Schreibgeräteetui Schlamperbox,9.99,neoxx,"['https://i.otto.de/i/otto/ca515bff-b2f7-5cbf-8606-d0801996b092/neoxx-schreibgerateetui-schlamperbox-jump-teilweise-aus-recyceltem-material-pixel-my-mind.jpg?$formatz$', 'https://i.otto.de/i/otto/b7a253b1-cd81-5ed3-b241-2494bf69072e/neoxx-schreibgerateetui-schlamperbox-jump-teilweise-aus-recyceltem-material-pixel-my-mind.jpg?$formatz$', 'https://i.otto.de/i/otto/257d39eb-2e01-5223-bd47-0add31065974/neoxx-schreibgerateetui-schlamperbox-jump-teilweise-aus-recyceltem-material-pixel-my-mind.jpg?$formatz$', 'https://i.otto.de/i/otto/905a2525-1ecf-5faf-be26-f0ccf1d9dcd9/neoxx-schreibgerateetui-schlamperbox-jump-teilweise-aus-recyceltem-material-pixel-my-mind.jpg?$formatz$', 'https://i.otto.de/i/otto/033b7242-ae44-5169-9e48-5b39d717f965/neoxx-schreibgerateetui-schlamperbox-jump-teilweise-aus-recyceltem-material-pixel-my-mind.jpg?$formatz$', 'https://i.otto.de/i/otto/2e795318-8516-5eaa-93d1-07e5c6c429e9/neoxx-schreibgerateetui-schlamperbox-jump-teilweise-aus-recyceltem-material-pixel-my-mind.jpg?$formatz$', 'https://i.otto.de/i/otto/8ae7de56-ba5e-505c-97ef-4b09ce49214f/neoxx-schreibgerateetui-schlamperbox-jump-teilweise-aus-recyceltem-material-pixel-my-mind.jpg?$formatz$']",,5.0,62
Grand Theft Auto VI,79.99,Rockstar Games,"['https://i.otto.de/i/otto/7bae3f88-0a88-5517-a29c-d6b83e77c9eb/grand-theft-auto-vi-gta-6-playstation-5.jpg?$formatz$', 'https://i.otto.de/i/otto/101b0943-73d4-5562-9f95-7d6f646c1a0e/grand-theft-auto-vi-gta-6-playstation-5.jpg?$formatz$', 'https://i.otto.de/i/otto/f7118f8a-0a07-5a3e-af11-892759e0f324/grand-theft-auto-vi-gta-6-playstation-5.jpg?$formatz$', 'https://i.otto.de/i/otto/e548c9c9-c875-558f-a1e2-c1c249c73003/grand-theft-auto-vi-gta-6-playstation-5.jpg?$formatz$', 'https://i.otto.de/i/otto/1458cc95-36d8-51fc-a6fe-6a37a96c2bd3/grand-theft-auto-vi-gta-6-playstation-5.jpg?$formatz$', 'https://i.otto.de/i/otto/b00ef4a1-f9ce-5ab6-8f96-e14179633b5a/grand-theft-auto-vi-gta-6-playstation-5.jpg?$formatz$', 'https://i.otto.de/i/otto/d4b4b3ec-c76c-51fd-bdad-77fa774d8439/grand-theft-auto-vi-gta-6-playstation-5.jpg?$formatz$', 'https://i.otto.de/i/otto/54f2bab8-20fd-5f24-9d15-ee618a2e9085/grand-theft-auto-vi-gta-6-playstation-5.jpg?$formatz$']",,0.0,0
Apple iPhone 18 Pro Max,1599.0,Apple,"['https://i.otto.de/i/otto/14d87dd2-290d-5d2e-97a2-6189f2dc24bb/apple-iphone-18-pro-max-smartphone-1753-cm-69-zoll-256-gb-speicherplatz-48-mp-kamera-schwarz.jpg?$formatz$', 'https://i.otto.de/i/otto/684a3a34-63e8-58cf-b7a2-e3b573133d94/apple-iphone-18-pro-max-smartphone-1753-cm-69-zoll-256-gb-speicherplatz-48-mp-kamera-schwarz.jpg?$formatz$', 'https://i.otto.de/i/otto/59b9ef90-644c-5fda-8baf-0d6c1ffeb79e/apple-iphone-18-pro-max-smartphone-1753-cm-69-zoll-256-gb-speicherplatz-48-mp-kamera-schwarz.jpg?$formatz$', 'https://i.otto.de/i/otto/900779be-2445-563f-af42-e10290c9ba8a/apple-iphone-18-pro-max-smartphone-1753-cm-69-zoll-256-gb-speicherplatz-48-mp-kamera-schwarz.jpg?$formatz$', 'https://i.otto.de/i/otto/96eae353-1f72-5aa5-ad29-6fcd171a169e/apple-iphone-18-pro-max-smartphone-1753-cm-69-zoll-256-gb-speicherplatz-48-mp-kamera-schwarz.jpg?$formatz$', 'https://i.otto.de/i/otto/c5cff317-9c15-5ce8-9aac-1cd7597b9eaf/apple-iphone-18-pro-max-smartphone-1753-cm-69-zoll-256-gb-speicherplatz-48-mp-kamera-schwarz.jpg?$formatz$', 'https://i.otto.de/i/otto/20dca015-64a2-5778-9e83-9cb0b01c8542/apple-iphone-18-pro-max-smartphone-1753-cm-69-zoll-256-gb-speicherplatz-48-mp-kamera-schwarz.jpg?$formatz$', 'https://i.otto.de/i/otto/55f87ea2-4fdf-5f4d-a3ea-3c869502d5fe/apple-iphone-18-pro-max-smartphone-1753-cm-69-zoll-256-gb-speicherplatz-48-mp-kamera-schwarz.jpg?$formatz$', 'https://i.otto.de/i/otto/444572f8-0d67-542a-9ba6-ad7159f5c566/apple-iphone-18-pro-max-smartphone-1753-cm-69-zoll-256-gb-speicherplatz-48-mp-kamera-schwarz.jpg?$formatz$']",,0.0,0
Jack & Jones Langarmhemd,30.99,Jack & Jones,"['https://i.otto.de/i/otto/5ecc19cd-d7ca-52ce-b958-93b84482add9/jack-jones-langarmhemd-jjprparma-shirt-l-s-noos-mit-hemdkragen-weiss.jpg?$formatz$', 'https://i.otto.de/i/otto/9f4238fb-c31a-506d-ac01-28e41eecbf42/jack-jones-langarmhemd-jjprparma-shirt-l-s-noos-mit-hemdkragen-weiss.jpg?$formatz$', 'https://i.otto.de/i/otto/da71df84-6d90-5b29-b44a-3818413f3d27/jack-jones-langarmhemd-jjprparma-shirt-l-s-noos-mit-hemdkragen-weiss.jpg?$formatz$', 'https://i.otto.de/i/otto/89b90674-04f2-5cbe-8fdf-38605f9e7f49/jack-jones-langarmhemd-jjprparma-shirt-l-s-noos-mit-hemdkragen-weiss.jpg?$formatz$', 'https://i.otto.de/i/otto/d009f7c4-1221-5b02-8075-265e07716b09/jack-jones-langarmhemd-jjprparma-shirt-l-s-noos-mit-hemdkragen-weiss.jpg?$formatz$', 'https://i.otto.de/i/otto/2e2fab47-8138-5c40-8962-96b4cb2a9500/jack-jones-langarmhemd-jjprparma-shirt-l-s-noos-mit-hemdkragen-weiss.jpg?$formatz$', 'https://i.otto.de/i/otto/25829697-e934-58c1-abde-b7854b366d66/jack-jones-langarmhemd-jjprparma-shirt-l-s-noos-mit-hemdkragen-weiss.jpg?$formatz$', 'https://i.otto.de/i/otto/e963b4c3-c11d-58e4-a962-f328bca81c88/jack-jones-langarmhemd-jjprparma-shirt-l-s-noos-mit-hemdkragen-weiss.jpg?$formatz$', 'https://i.otto.de/i/otto/2aa8b772-3dbf-56e2-a2b5-e743b3892f65/jack-jones-langarmhemd-jjprparma-shirt-l-s-noos-mit-hemdkragen-weiss.jpg?$formatz$', 'https://i.otto.de/i/otto/a3a419b8-33b9-5508-940e-c284f1467d94/jack-jones-langarmhemd-jjprparma-shirt-l-s-noos-mit-hemdkragen-weiss.jpg?$formatz$', 'https://i.otto.de/i/otto/25c6a59c-6ad2-5115-8bb9-16d17a2a7288/jack-jones-langarmhemd-jjprparma-shirt-l-s-noos-mit-hemdkragen-weiss.jpg?$formatz$', 'https://i.otto.de/i/otto/ce0ed874-c23f-5240-8e4e-767c99ac15d3/jack-jones-langarmhemd-jjprparma-shirt-l-s-noos-mit-hemdkragen-weiss.jpg?$formatz$', 'https://i.otto.de/i/otto/c379834f-1fe8-5c32-a441-ac570b1ae029/jack-jones-langarmhemd-jjprparma-shirt-l-s-noos-mit-hemdkragen-weiss.jpg?$formatz$', 'https://i.otto.de/i/otto/941f7377-21a7-563b-a03e-d5b784676660/jack-jones-langarmhemd-jjprparma-shirt-l-s-noos-mit-hemdkragen-weiss.jpg?$formatz$']",,4.5,243
Stehtischhusse Stretch,11.95,heimtexland,"['https://i.otto.de/i/otto/4c76b7d5-fa9a-5bb5-b823-8aa0ea26ab08/heimtexland-stehtischhusse-stretch-husse-stehtisch-bistrotisch-event-deko-bugelfrei-anthrazit.jpg?$formatz$', 'https://i.otto.de/i/otto/2886d6fc-fec0-5224-a9bd-4f340463791d/heimtexland-stehtischhusse-stretch-husse-stehtisch-bistrotisch-event-deko-bugelfrei-anthrazit.jpg?$formatz$', 'https://i.otto.de/i/otto/fb0ac00c-f81d-52a9-af57-f177e6374e70/heimtexland-stehtischhusse-stretch-husse-stehtisch-bistrotisch-event-deko-bugelfrei-anthrazit.jpg?$formatz$', 'https://i.otto.de/i/otto/731453be-484c-5f76-bdbb-3b0d0245b23a/heimtexland-stehtischhusse-stretch-husse-stehtisch-bistrotisch-event-deko-bugelfrei-anthrazit.jpg?$formatz$', 'https://i.otto.de/i/otto/cc7b798c-8751-5dd0-aab1-c8daf7568620/heimtexland-stehtischhusse-stretch-husse-stehtisch-bistrotisch-event-deko-bugelfrei-anthrazit.jpg?$formatz$']",,0.0,0
Armani Exchange Connected Steppjacke,169.99,Armani Exchange Connected,"['https://i.otto.de/i/otto/736caacd-5940-541d-a5c9-6f9bd2118db8/armani-exchange-connected-steppjacke-schwarz.jpg?$formatz$', 'https://i.otto.de/i/otto/cfb96366-89a7-5fcf-8d2d-f0f523692a7b/armani-exchange-connected-steppjacke-schwarz.jpg?$formatz$', 'https://i.otto.de/i/otto/61006d15-4a39-53cd-a671-90afcf92075a/armani-exchange-connected-steppjacke-schwarz.jpg?$formatz$']",,0.0,0
ESRA Straight-Jeans,39.99,ESRA,"['https://i.otto.de/i/otto/7034f30a-33e3-4667-b5a8-b7a29fec2f15/esra-straight-jeans-high-waist-straight-fit-jeans-damen-geradeschnitt-hose-straight-high-waist-damen-jeans-straight-hose-gerade-schnitt-jeanshose-stretch-dunkelblau-j738.jpg?$formatz$', 'https://i.otto.de/i/otto/ba993132-ba7b-4ee9-ac53-87e2aa57d5f8/esra-straight-jeans-high-waist-straight-fit-jeans-damen-geradeschnitt-hose-straight-high-waist-damen-jeans-straight-hose-gerade-schnitt-jeanshose-stretch-dunkelblau-j738.jpg?$formatz$', 'https://i.otto.de/i/otto/35cfe0cc-887c-4dde-9dbe-efe4594e9883/esra-straight-jeans-high-waist-straight-fit-jeans-damen-geradeschnitt-hose-straight-high-waist-damen-jeans-straight-hose-gerade-schnitt-jeanshose-stretch-dunkelblau-j738.jpg?$formatz$', 'https://i.otto.de/i/otto/0b13e9fc-7f4d-4d7e-8061-756edd146799/esra-straight-jeans-high-waist-straight-fit-jeans-damen-geradeschnitt-hose-straight-high-waist-damen-jeans-straight-hose-gerade-schnitt-jeanshose-stretch-dunkelblau-j738.jpg?$formatz$', 'https://i.otto.de/i/otto/55c59795-f905-4e07-b857-72b53de220d4/esra-straight-jeans-high-waist-straight-fit-jeans-damen-geradeschnitt-hose-straight-high-waist-damen-jeans-straight-hose-gerade-schnitt-jeanshose-stretch-dunkelblau-j738.jpg?$formatz$']",,4.0,280
RESPEKTA Winkelküche Safado,5154.9,RESPEKTA,"['https://i.otto.de/i/otto/a55cb36c-e5f9-5a54-936e-c28a7e0c84dd/respekta-winkelkuche-safado-aus-der-serie-marleen-breite-370-cm-mit-soft-close-in-exklusiver-konfiguration-fur-otto-front-grau-matt-korpus-artisan-eiche-nachbildung.jpg?$formatz$', 'https://i.otto.de/i/otto/42b62304-7453-5821-bf2c-b5b9ce69f20f/respekta-winkelkuche-safado-aus-der-serie-marleen-breite-370-cm-mit-soft-close-in-exklusiver-konfiguration-fur-otto-front-grau-matt-korpus-artisan-eiche-nachbildung.jpg?$formatz$', 'https://i.otto.de/i/otto/57d30687-1c0b-5bff-8960-5fd121618522/respekta-winkelkuche-safado-aus-der-serie-marleen-breite-370-cm-mit-soft-close-in-exklusiver-konfiguration-fur-otto-front-grau-matt-korpus-artisan-eiche-nachbildung.jpg?$formatz$', 'https://i.otto.de/i/otto/d50ba0ad-88d0-5b99-864a-4d674a9d7845/respekta-winkelkuche-safado-aus-der-serie-marleen-breite-370-cm-mit-soft-close-in-exklusiver-konfiguration-fur-otto-front-grau-matt-korpus-artisan-eiche-nachbildung.jpg?$formatz$', 'https://i.otto.de/i/otto/f16c6969-f277-5cd4-9189-cdbb74457c36/respekta-winkelkuche-safado-aus-der-serie-marleen-breite-370-cm-mit-soft-close-in-exklusiver-konfiguration-fur-otto-front-grau-matt-korpus-artisan-eiche-nachbildung.jpg?$formatz$', 'https://i.otto.de/i/otto/3cf926fe-00ae-572c-a044-d198244f4323/respekta-winkelkuche-safado-aus-der-serie-marleen-breite-370-cm-mit-soft-close-in-exklusiver-konfiguration-fur-otto-front-grau-matt-korpus-artisan-eiche-nachbildung.jpg?$formatz$', 'https://i.otto.de/i/otto/943bbc01-3919-5358-8b32-d97d940819b2/respekta-winkelkuche-safado-aus-der-serie-marleen-breite-370-cm-mit-soft-close-in-exklusiver-konfiguration-fur-otto-front-grau-matt-korpus-artisan-eiche-nachbildung.jpg?$formatz$', 'https://i.otto.de/i/otto/c42b183b-7938-5ec8-9897-5ffb99056d27/respekta-winkelkuche-safado-aus-der-serie-marleen-breite-370-cm-mit-soft-close-in-exklusiver-konfiguration-fur-otto-front-grau-matt-korpus-artisan-eiche-nachbildung.jpg?$formatz$', 'https://i.otto.de/i/otto/83cf4e60-dda9-59d6-88e7-3ca6c6168848/respekta-winkelkuche-safado-aus-der-serie-marleen-breite-370-cm-mit-soft-close-in-exklusiver-konfiguration-fur-otto-front-grau-matt-korpus-artisan-eiche-nachbildung.jpg?$formatz$']",,1.0,1
Apple MacBook Pro,7051.13,Apple,"['https://i.otto.de/i/otto/a92ebd6a-0996-5df7-9c09-f09f0093aa41/apple-macbook-pro-cto-16-notebook-4105-cm-162-zoll-apple-m5-max-40-core-gpu-64-gb-4000-gb-ssd-silber.jpg?$formatz$', 'https://i.otto.de/i/otto/7f3b0e56-b67d-500e-b911-21e1b6f1dcdb/apple-macbook-pro-cto-16-notebook-4105-cm-162-zoll-apple-m5-max-40-core-gpu-64-gb-4000-gb-ssd-silber.jpg?$formatz$', 'https://i.otto.de/i/otto/2838f00f-de0c-5bcf-8461-0108691a8865/apple-macbook-pro-cto-16-notebook-4105-cm-162-zoll-apple-m5-max-40-core-gpu-64-gb-4000-gb-ssd-silber.jpg?$formatz$', 'https://i.otto.de/i/otto/f0b9af16-ba42-54f4-babd-3c24fe38d2c2/apple-macbook-pro-cto-16-notebook-4105-cm-162-zoll-apple-m5-max-40-core-gpu-64-gb-4000-gb-ssd-silber.jpg?$formatz$', 'https://i.otto.de/i/otto/bcfe8afa-48a1-57a0-83a9-352275d8281a/apple-macbook-pro-cto-16-notebook-4105-cm-162-zoll-apple-m5-max-40-core-gpu-64-gb-4000-gb-ssd-silber.jpg?$formatz$', 'https://i.otto.de/i/otto/f9575200-1fe0-5b06-b0d4-71f673783c46/apple-macbook-pro-cto-16-notebook-4105-cm-162-zoll-apple-m5-max-40-core-gpu-64-gb-4000-gb-ssd-silber.jpg?$formatz$']",,0.0,0
Sportsocken 10 Paar,19.99,sockenkauf24,https://i.otto.de/i/otto/72ef8def-7ee6-4bc7-b629-fec361b0f09c?$responsive_ft2$,https://www.otto.de/p/sockenkauf24-sportsocken-10-paar-kurze-tennissocken-quarter-sportsocken-herren-damen-baumwolle-10-paar-verstaerkte-ferse-fussspitze-gepolsterte-sohle-atmungsaktiv-S0NGK083/?variationId=S0NGK0830IDB,4.5,72
Sneakersocken Premium,19.99,sockenkauf24,https://i.otto.de/i/otto/e1237593-12c1-4f36-851e-089ed46bcda6?$responsive_ft2$,https://www.otto.de/p/sockenkauf24-sneakersocken-premium-sneaker-socken-herren-damen-mit-komfortbund-ohne-gummidruck-grau-anthrazit-10-paar-43-46-atmungsaktive-gekaemmte-baumwolle-ohne-naht-exclusive-line-S0L7B02E/?variationId=S0L7B02E2R0E,4.5,432
Shirtracer T-Shirt,16.9,Shirtracer,"['https://i.otto.de/i/otto/11ded130-4a94-55a4-83df-ac32a9d70028/shirtracer-t-shirt-ich-hor-dich-nicht-ich-zocke-headset-glitch-weiss-grun-1-tlg-kinderkleidung-und-co-1-schwarz.jpg?$formatz$', 'https://i.otto.de/i/otto/2b5c6a95-7429-5648-9d03-67a54534643e/shirtracer-t-shirt-ich-hor-dich-nicht-ich-zocke-headset-glitch-weiss-grun-1-tlg-kinderkleidung-und-co-1-schwarz.jpg?$formatz$', 'https://i.otto.de/i/otto/00e733f3-a174-581f-9c51-11b934de6437/shirtracer-t-shirt-ich-hor-dich-nicht-ich-zocke-headset-glitch-weiss-grun-1-tlg-kinderkleidung-und-co-1-schwarz.jpg?$formatz$', 'https://i.otto.de/i/otto/e4c7d45e-03f6-5ad9-b159-9f9d321f22b3/shirtracer-t-shirt-ich-hor-dich-nicht-ich-zocke-headset-glitch-weiss-grun-1-tlg-kinderkleidung-und-co-1-schwarz.jpg?$formatz$']",,5.0,2
Spielfigur Skibidi Toilet,79.99,BOTI,"['https://i.otto.de/i/otto/e7417bfd-d577-586a-a7a5-1109a1ad59c8/boti-spielfigur-skibidi-toilet-mystery-toilet-neu-ovp.jpg?$formatz$', 'https://i.otto.de/i/otto/81492a31-0f7a-587a-a007-628b78a44430/boti-spielfigur-skibidi-toilet-mystery-toilet-neu-ovp.jpg?$formatz$', 'https://i.otto.de/i/otto/713954f3-e5ab-59ad-8d25-be57d96682ec/boti-spielfigur-skibidi-toilet-mystery-toilet-neu-ovp.jpg?$formatz$', 'https://i.otto.de/i/otto/29455058-da36-551e-8164-54e4303edc52/boti-spielfigur-skibidi-toilet-mystery-toilet-neu-ovp.jpg?$formatz$']",,0.0,0
OTTO home Spannbettlaken,9.99,OTTO home,"['https://i.otto.de/i/otto/dc0e9d95-aa9c-52b9-8015-868f9928a98b/otto-home-spannbettlaken-physalis-basic-und-premium-qualitat-100-baumwolle-jersey-und-biber-jersey-110-g-m-gummizug-rundum-1-stuck-bettlaken-fur-matratzen-bis-18-cm-hohe-spannbetttuch-laken-seegrun.jpg?$formatz$', 'https://i.otto.de/i/otto/0a5a1038-fdf8-5ca5-b548-636355d1b89e/otto-home-spannbettlaken-physalis-basic-und-premium-qualitat-100-baumwolle-jersey-und-biber-jersey-110-g-m-gummizug-rundum-1-stuck-bettlaken-fur-matratzen-bis-18-cm-hohe-spannbetttuch-laken-seegrun.jpg?$formatz$', 'https://i.otto.de/i/otto/aab4b7b1-f3cc-578e-9cab-093445ca4959/otto-home-spannbettlaken-physalis-basic-und-premium-qualitat-100-baumwolle-jersey-und-biber-jersey-110-g-m-gummizug-rundum-1-stuck-bettlaken-fur-matratzen-bis-18-cm-hohe-spannbetttuch-laken-seegrun.jpg?$formatz$', 'https://i.otto.de/i/otto/60952398-2b7c-5733-b67d-c9942e3e1db8/otto-home-spannbettlaken-physalis-basic-und-premium-qualitat-100-baumwolle-jersey-und-biber-jersey-110-g-m-gummizug-rundum-1-stuck-bettlaken-fur-matratzen-bis-18-cm-hohe-spannbetttuch-laken-seegrun.jpg?$formatz$', 'https://i.otto.de/i/otto/4368d441-553f-5ce9-a1bc-5fc611e858dc/otto-home-spannbettlaken-physalis-basic-und-premium-qualitat-100-baumwolle-jersey-und-biber-jersey-110-g-m-gummizug-rundum-1-stuck-bettlaken-fur-matratzen-bis-18-cm-hohe-spannbetttuch-laken-seegrun.jpg?$formatz$', 'https://i.otto.de/i/otto/4f8e77bf-64c4-51a6-b34d-474c5d5af204/otto-home-spannbettlaken-physalis-basic-und-premium-qualitat-100-baumwolle-jersey-und-biber-jersey-110-g-m-gummizug-rundum-1-stuck-bettlaken-fur-matratzen-bis-18-cm-hohe-spannbetttuch-laken-seegrun.jpg?$formatz$']",,4.5,50063
Otto Office Budget Kugelschreiber,0.29,Otto Office Budget,"['https://i.otto.de/i/otto/600a5995-2fd5-5e90-bfaf-8edd8583b547/otto-office-budget-kugelschreiber-eco-stick-strichstarke-06-mm-rot.jpg?$formatz$', 'https://i.otto.de/i/otto/88e4689d-d936-513e-b131-e8b5ae34ce8a/otto-office-budget-kugelschreiber-eco-stick-strichstarke-06-mm-rot.jpg?$formatz$', 'https://i.otto.de/i/otto/78a4b770-edae-5cd2-bcc8-3eae73430d20/otto-office-budget-kugelschreiber-eco-stick-strichstarke-06-mm-rot.jpg?$formatz$']",,5.0,14
Carpet Avenue Teppich,273900.0,Carpet Avenue,"['https://i.otto.de/i/otto/3ce4d46b-59ae-5d45-a89f-6f81b736110a/carpet-avenue-teppich-ghom-seide-zabihi-509x344-rechteck-hohe-6-mm.jpg?$formatz$', 'https://i.otto.de/i/otto/817b2525-4de9-5fb1-9432-7e1c1b7e52e2/carpet-avenue-teppich-ghom-seide-zabihi-509x344-rechteck-hohe-6-mm.jpg?$formatz$', 'https://i.otto.de/i/otto/b105c8f3-23e5-5c94-913f-b8cf6e9d52cb/carpet-avenue-teppich-ghom-seide-zabihi-509x344-rechteck-hohe-6-mm.jpg?$formatz$', 'https://i.otto.de/i/otto/9ee57dd4-2be1-5e18-b91e-7c7baaee1245/carpet-avenue-teppich-ghom-seide-zabihi-509x344-rechteck-hohe-6-mm.jpg?$formatz$', 'https://i.otto.de/i/otto/b2dd9ecb-b33c-5a62-a5fa-6cc5d5bf6d12/carpet-avenue-teppich-ghom-seide-zabihi-509x344-rechteck-hohe-6-mm.jpg?$formatz$', 'https://i.otto.de/i/otto/91fbc90a-9017-5bf2-9a65-60d1e8e5e818/carpet-avenue-teppich-ghom-seide-zabihi-509x344-rechteck-hohe-6-mm.jpg?$formatz$', 'https://i.otto.de/i/otto/999ea2d2-dcb6-5eca-afaf-0262798403f1/carpet-avenue-teppich-ghom-seide-zabihi-509x344-rechteck-hohe-6-mm.jpg?$formatz$', 'https://i.otto.de/i/otto/ab4e29cc-bd34-5890-8ef9-c73bb08f985d/carpet-avenue-teppich-ghom-seide-zabihi-509x344-rechteck-hohe-6-mm.jpg?$formatz$']",,0.0,0
Tischtennisplatte Outdoor,674.95,Gewo,"['https://i.otto.de/i/otto/9c412b1f-c845-578e-b8bb-31c40d1c8e2f/gewo-tischtennisplatte-outdoor-profi-awr-tischtennistisch-klappbar-grau-1-tlg.jpg?$formatz$', 'https://i.otto.de/i/otto/3333962d-bf63-55a7-bcc3-1975fcef7e4a/gewo-tischtennisplatte-outdoor-profi-awr-tischtennistisch-klappbar-grau-1-tlg.jpg?$formatz$', 'https://i.otto.de/i/otto/ad8d5623-64e3-53df-842a-2582a46189f4/gewo-tischtennisplatte-outdoor-profi-awr-tischtennistisch-klappbar-grau-1-tlg.jpg?$formatz$', 'https://i.otto.de/i/otto/10244224-2d72-5101-bc11-a6612fad7ee1/gewo-tischtennisplatte-outdoor-profi-awr-tischtennistisch-klappbar-grau-1-tlg.jpg?$formatz$']",,0.0,0
Kostüm aufblasbarer T-Rex,140.29,Rubie´s,"['https://i.otto.de/i/otto/c6a56bf8-6e59-5d3a-b25d-3e0735c277ce/rubie-s-kostum-jurassic-park-aufblasbarer-t-rex-bekannt-aus-vielen-youtube-videos-original-dino-kostum-mit-geblase.jpg?$formatz$', 'https://i.otto.de/i/otto/7b6a70a6-868e-5652-bed0-9ebf2c07b1d7/rubie-s-kostum-jurassic-park-aufblasbarer-t-rex-bekannt-aus-vielen-youtube-videos-original-dino-kostum-mit-geblase.jpg?$formatz$']",,2.0,1
Urinalbecken Pissoir,21.04,Agande,['https://i.otto.de/i/otto/0944d481-6b83-4c17-8d72-93c6de034fb1/agande-urinal-urinalbecken-pissoir-wandurinal-wandpissoir-kunststoff-pvc-weiss.jpg?$formatz$'],,5.0,10
Skulptur Wurstfigur aus Stuckgips,757.0,JVmoebel,"['https://i.otto.de/i/otto/992e8596-cb99-4ac7-9979-0db2abaedacc/jvmoebel-skulptur-handgefertigte-wurstfigur-aus-stuckgips-fur-den-innenbereich-made-in-europa.jpg?$formatz$', 'https://i.otto.de/i/otto/4294f599-7dad-47b0-a758-26f49a06ac40/jvmoebel-skulptur-handgefertigte-wurstfigur-aus-stuckgips-fur-den-innenbereich-made-in-europa.jpg?$formatz$', 'https://i.otto.de/i/otto/260b171a-609c-466e-99ad-3d5fd29addb3/jvmoebel-skulptur-handgefertigte-wurstfigur-aus-stuckgips-fur-den-innenbereich-made-in-europa.jpg?$formatz$']",,0.0,0
